{"percentages": [0.1, 0.2, 0.3], "base_methods": ["ig"], "modifiers": ["base"], "dataset": "cifar10", "imputations": ["gpnn"], "orders": ["morf"], "gpnn": {"ig": {"base": {"morf": {"0.1": [0.0017999999690800905], "0.2": [0.0017000000225380063], "0.3": ["pending28-01-2023,22:28:31"]}}}}}